<odoo noupdate="1">

    <!-- Scheduler for Whatsapp Error Log-->
    <record forcecreate="True" id="ir_cron_whatsapp_mail_message_erro_cron" model="ir.cron">
        <field name="name">Resend Error Whatsapp Message</field>
        <field name="model_id" ref="model_mail_message"/>
        <field name="state">code</field>
        <field name="code">model.resend_whatsapp_mail_message()</field>
        <field eval="True" name="active" />
        <field name="user_id" ref="base.user_root" />
        <field name="interval_number">1</field>
        <field name="interval_type">days</field>
        <field name="numbercall">-1</field>
        <field eval="False" name="doall" />
    </record>

</odoo>
